epoch,train_loss,val_loss
1,1.0656367252612937,0.9977504014968872
