epoch,train_loss,val_loss
1,1.0736009636144528,0.9871121644973755
